item	item_index	1	2	3	4	5	6	model	lang
It is important to her to form her views independently.	1	0.13632655143737793	0.278395414352417	0.10730405896902084	0.1808827668428421	0.16697528958320618	0.13011592626571655	joeddav/xlm-roberta-large-xnli	en
It is important to her that her country is secure and stable.	2	0.10287187993526459	0.20485053956508636	0.11773589998483658	0.2162083089351654	0.25607526302337646	0.10225804895162582	joeddav/xlm-roberta-large-xnli	en
It is important to her to have a good time.	3	0.10235171020030975	0.27055680751800537	0.10569293797016144	0.15565647184848785	0.29283735156059265	0.07290469110012054	joeddav/xlm-roberta-large-xnli	en
It is important to her to avoid upsetting other people.	4	0.11490252614021301	0.23241811990737915	0.12665507197380066	0.23878422379493713	0.17825649678707123	0.10898353159427643	joeddav/xlm-roberta-large-xnli	en
It is important to her that the weak and vulnerable in society be protected.	5	0.11712007969617844	0.2997809648513794	0.10332927852869034	0.1865391731262207	0.2140711545944214	0.07915940880775452	joeddav/xlm-roberta-large-xnli	en
It is important to her that people do what she says they should.	6	0.10039260238409042	0.25284332036972046	0.13195198774337769	0.20512694120407104	0.18039880692958832	0.12928634881973267	joeddav/xlm-roberta-large-xnli	en
It is important to her never to think she deserves more than other people.	7	0.13868649303913116	0.40388786792755127	0.09937962144613266	0.16097867488861084	0.10690014064311981	0.09016723930835724	joeddav/xlm-roberta-large-xnli	en
It is important to her to care for nature.	8	0.10939066857099533	0.18984302878379822	0.11611612886190414	0.2393386960029602	0.24380195140838623	0.10150951147079468	joeddav/xlm-roberta-large-xnli	en
It is important to her that no one should ever shame her.	9	0.11390631645917892	0.3127250671386719	0.1179572343826294	0.14627422392368317	0.21257351338863373	0.09656372666358948	joeddav/xlm-roberta-large-xnli	en
It is important to her always to look for different things to do.	10	0.16142496466636658	0.30963242053985596	0.10451056063175201	0.19387704133987427	0.12328245490789413	0.10727257281541824	joeddav/xlm-roberta-large-xnli	en
It is important to her to take care of people she is close to.	11	0.07763110101222992	0.1971469521522522	0.1292431652545929	0.1598484367132187	0.3311898708343506	0.1049405187368393	joeddav/xlm-roberta-large-xnli	en
It is important to her to have the power that money can bring.	12	0.06441835314035416	0.19657497107982635	0.14450888335704803	0.19697745144367218	0.2866613268852234	0.11085891723632812	joeddav/xlm-roberta-large-xnli	en
It is very important to her to avoid disease and protect her health.	13	0.08885902911424637	0.2372237741947174	0.10540739446878433	0.15368059277534485	0.3291512131690979	0.0856781005859375	joeddav/xlm-roberta-large-xnli	en
It is important to her to be tolerant toward all kinds of people and groups.	14	0.13890260457992554	0.2288949191570282	0.13014142215251923	0.18120037019252777	0.19021359086036682	0.13064703345298767	joeddav/xlm-roberta-large-xnli	en
It is important to her never to violate rules or regulations.	15	0.1121591180562973	0.22476588189601898	0.09667938947677612	0.2536024749279022	0.22520650923252106	0.08758661150932312	joeddav/xlm-roberta-large-xnli	en
It is important to her to make her own decisions about her life.	16	0.10619664192199707	0.25118371844291687	0.09339701384305954	0.17664693295955658	0.27094611525535583	0.10162957012653351	joeddav/xlm-roberta-large-xnli	en
It is important to her to have ambitions in life.	17	0.1445312201976776	0.3083329200744629	0.10864833742380142	0.1738581657409668	0.1565515547990799	0.10807787626981735	joeddav/xlm-roberta-large-xnli	en
It is important to her to maintain traditional values and ways of thinking.	18	0.05960216373205185	0.24712292850017548	0.12786974012851715	0.1672796607017517	0.2827380895614624	0.115387462079525	joeddav/xlm-roberta-large-xnli	en
It is important to her that people she knows have full confidence in her.	19	0.09209489822387695	0.18798723816871643	0.12917600572109222	0.14696095883846283	0.3560265898704529	0.08775441348552704	joeddav/xlm-roberta-large-xnli	en
It is important to her to be wealthy.	20	0.09922084212303162	0.20195037126541138	0.12969329953193665	0.17109324038028717	0.30173665285110474	0.09630565345287323	joeddav/xlm-roberta-large-xnli	en
It is important to her to take part in activities to defend nature.	21	0.10431171208620071	0.20070324838161469	0.10721417516469955	0.23469173908233643	0.2577005624771118	0.09537859261035919	joeddav/xlm-roberta-large-xnli	en
It is important to her never to annoy anyone.	22	0.16813455522060394	0.27278822660446167	0.10453328490257263	0.1704663336277008	0.17479145526885986	0.10928606241941452	joeddav/xlm-roberta-large-xnli	en
It is important to her to develop her own opinions.	23	0.11381211131811142	0.20671984553337097	0.1312762349843979	0.19119998812675476	0.20843788981437683	0.14855389297008514	joeddav/xlm-roberta-large-xnli	en
It is important to her to protect her public image.	24	0.11173741519451141	0.21061961352825165	0.11365174502134323	0.28026559948921204	0.18516238033771515	0.0985633134841919	joeddav/xlm-roberta-large-xnli	en
It is very important to her to help the people dear to her.	25	0.062446363270282745	0.2490980327129364	0.1216331273317337	0.1823083460330963	0.29791733622550964	0.08659681677818298	joeddav/xlm-roberta-large-xnli	en
It is important to her to be personally safe and secure.	26	0.09912048280239105	0.2511370778083801	0.09379461407661438	0.1736251413822174	0.31012654304504395	0.07219617068767548	joeddav/xlm-roberta-large-xnli	en
It is important to her to be a dependable and trustworthy friend.	27	0.1276167780160904	0.2854364812374115	0.1088021770119667	0.15181811153888702	0.22667038440704346	0.09965604543685913	joeddav/xlm-roberta-large-xnli	en
It is important to her to take risks that make life exciting.	28	0.08807235956192017	0.29085060954093933	0.10943762958049774	0.17652203142642975	0.22848330438137054	0.10663405060768127	joeddav/xlm-roberta-large-xnli	en
It is important to her to have the power to make people do what she wants.	29	0.07816694676876068	0.19113396108150482	0.13211898505687714	0.2186143696308136	0.2329787313938141	0.14698702096939087	joeddav/xlm-roberta-large-xnli	en
It is important to her to plan her activities independently.	30	0.10885694622993469	0.21599650382995605	0.09812497347593307	0.20298971235752106	0.26497021317481995	0.10906162112951279	joeddav/xlm-roberta-large-xnli	en
It is important to her to follow rules even when no-one is watching.	31	0.10613999515771866	0.19414041936397552	0.09502091258764267	0.17061841487884521	0.3606671690940857	0.07341313362121582	joeddav/xlm-roberta-large-xnli	en
It is important to her to be very successful.	32	0.11798853427171707	0.26962417364120483	0.12353161722421646	0.1754634529352188	0.22424618899822235	0.08914607763290405	joeddav/xlm-roberta-large-xnli	en
It is important to her to follow her family’s customs or the customs of a religion.	33	0.09653755277395248	0.1802927553653717	0.15247489511966705	0.20215995609760284	0.25455671548843384	0.11397810280323029	joeddav/xlm-roberta-large-xnli	en
It is important to her to listen to and understand people who are different from her.	34	0.15809455513954163	0.6480453014373779	0.07766943424940109	0.04094100743532181	0.04630596935749054	0.02894357219338417	joeddav/xlm-roberta-large-xnli	en
It is important to her to have a strong state that can defend its citizens.	35	0.14314328134059906	0.24337121844291687	0.11862452328205109	0.18267306685447693	0.18026666343212128	0.13192124664783478	joeddav/xlm-roberta-large-xnli	en
It is important to her to enjoy life’s pleasures.	36	0.09436245262622833	0.1863870471715927	0.12132667005062103	0.18571443855762482	0.319034218788147	0.09317519515752792	joeddav/xlm-roberta-large-xnli	en
It is important to her that every person in the world have equal opportunities in life.	37	0.16829228401184082	0.23882754147052765	0.1223573237657547	0.21326841413974762	0.12541458010673523	0.131839781999588	joeddav/xlm-roberta-large-xnli	en
It is important to her to be humble.	38	0.1019802987575531	0.2850036919116974	0.11199616640806198	0.17599491775035858	0.24513119459152222	0.07989379018545151	joeddav/xlm-roberta-large-xnli	en
It is important to her to figure things out herself.	39	0.11164940148591995	0.26517176628112793	0.1070472002029419	0.19603408873081207	0.22248899936676025	0.09760866314172745	joeddav/xlm-roberta-large-xnli	en
It is important to her to honor the traditional practices of her culture.	40	0.1319599598646164	0.2807503044605255	0.12066482752561569	0.20837391912937164	0.14760878682136536	0.1106421947479248	joeddav/xlm-roberta-large-xnli	en
It is important to her to be the one who tells others what to do.	41	0.10737189650535583	0.24150589108467102	0.1448643058538437	0.19289912283420563	0.1919078826904297	0.12145092338323593	joeddav/xlm-roberta-large-xnli	en
It is important to her to obey all the laws.	42	0.08820943534374237	0.1798744797706604	0.12830781936645508	0.22501307725906372	0.2815723419189453	0.09702283143997192	joeddav/xlm-roberta-large-xnli	en
It is important to her to have all sorts of new experiences.	43	0.13454210758209229	0.27380478382110596	0.12297750264406204	0.20152993500232697	0.12615831196308136	0.14098742604255676	joeddav/xlm-roberta-large-xnli	en
It is important to her to own expensive things that show her wealth	44	0.12618502974510193	0.2451184093952179	0.12486371397972107	0.18700595200061798	0.21790842711925507	0.09891849756240845	joeddav/xlm-roberta-large-xnli	en
It is important to her to protect the natural environment from destruction or pollution.	45	0.08787566423416138	0.17069794237613678	0.13516204059123993	0.261863112449646	0.23660047352313995	0.10780081152915955	joeddav/xlm-roberta-large-xnli	en
It is important to her to take advantage of every opportunity to have fun.	46	0.11737347394227982	0.24181818962097168	0.11853226274251938	0.18510735034942627	0.20499052107334137	0.13217821717262268	joeddav/xlm-roberta-large-xnli	en
It is important to her to concern herself with every need of her dear ones.	47	0.14562749862670898	0.2937873303890228	0.11820092052221298	0.1496952474117279	0.19397148489952087	0.09871754050254822	joeddav/xlm-roberta-large-xnli	en
It is important to her that people recognize what she achieves.	48	0.07298301160335541	0.2100984901189804	0.13489879667758942	0.19095075130462646	0.259232759475708	0.13183626532554626	joeddav/xlm-roberta-large-xnli	en
It is important to her never to be humiliated.	49	0.15333451330661774	0.3169202208518982	0.10523165762424469	0.1579534262418747	0.18924596905708313	0.07731423527002335	joeddav/xlm-roberta-large-xnli	en
It is important to her that her country protect itself against all threats.	50	0.12030851095914841	0.22013643383979797	0.13837766647338867	0.2424849420785904	0.16218845546245575	0.11650391668081284	joeddav/xlm-roberta-large-xnli	en
It is important to her never to make other people angry.	51	0.16156600415706635	0.2570006549358368	0.11778254061937332	0.2021614909172058	0.15767283737659454	0.10381647199392319	joeddav/xlm-roberta-large-xnli	en
It is important to her that everyone be treated justly, even people she doesn’t know.	52	0.15585964918136597	0.3663446307182312	0.09960757941007614	0.13579756021499634	0.15889927744865417	0.08349128812551498	joeddav/xlm-roberta-large-xnli	en
It is important to her to avoid anything dangerous.	53	0.11949504911899567	0.31342974305152893	0.11868000775575638	0.18170100450515747	0.15607671439647675	0.11061751842498779	joeddav/xlm-roberta-large-xnli	en
It is important to her to be satisfied with what she has and not ask for more.	54	0.12544134259223938	0.2655266523361206	0.0961940810084343	0.16509869694709778	0.2697244882583618	0.07801470905542374	joeddav/xlm-roberta-large-xnli	en
It is important to her that all her friends and family can rely on her completely.	55	0.06962308287620544	0.11799279600381851	0.10404237359762192	0.19006916880607605	0.43011021614074707	0.08816234767436981	joeddav/xlm-roberta-large-xnli	en
It is important to her to be free to choose what she does by herself.	56	0.129055917263031	0.28212231397628784	0.09718988835811615	0.19739598035812378	0.18562017381191254	0.1086157038807869	joeddav/xlm-roberta-large-xnli	en
It is important to her to accept people even when she disagrees with them.	57	0.14676973223686218	0.4013980031013489	0.09013207256793976	0.1283010095357895	0.1612521857023239	0.07214697450399399	joeddav/xlm-roberta-large-xnli	en
It is important to her to form her views independently.	1	0.028938235715031624	0.14871521294116974	0.28970104455947876	0.20082135498523712	0.1774059534072876	0.1544182300567627	MoritzLaurer/mDeBERTa-v3-base-mnli-xnli	en
It is important to her that her country is secure and stable.	2	0.022992659360170364	0.05287930741906166	0.32233354449272156	0.2511293888092041	0.22066892683506012	0.12999624013900757	MoritzLaurer/mDeBERTa-v3-base-mnli-xnli	en
It is important to her to have a good time.	3	0.020141910761594772	0.09167763590812683	0.37618446350097656	0.19211576879024506	0.20412763953208923	0.11575255542993546	MoritzLaurer/mDeBERTa-v3-base-mnli-xnli	en
It is important to her to avoid upsetting other people.	4	0.029659328982234	0.19218036532402039	0.3168814480304718	0.22375816106796265	0.14077341556549072	0.0967472493648529	MoritzLaurer/mDeBERTa-v3-base-mnli-xnli	en
It is important to her that the weak and vulnerable in society be protected.	5	0.022495362907648087	0.08778716623783112	0.3419855833053589	0.22466225922107697	0.20666807889938354	0.1164015680551529	MoritzLaurer/mDeBERTa-v3-base-mnli-xnli	en
It is important to her that people do what she says they should.	6	0.025741571560502052	0.05989978089928627	0.33976492285728455	0.2178371548652649	0.19209784269332886	0.16465869545936584	MoritzLaurer/mDeBERTa-v3-base-mnli-xnli	en
It is important to her never to think she deserves more than other people.	7	0.10177933424711227	0.26503801345825195	0.23590686917304993	0.1769140660762787	0.13058489561080933	0.08977677673101425	MoritzLaurer/mDeBERTa-v3-base-mnli-xnli	en
It is important to her to care for nature.	8	0.026823045685887337	0.09247978776693344	0.3481672704219818	0.23227719962596893	0.14981378614902496	0.15043894946575165	MoritzLaurer/mDeBERTa-v3-base-mnli-xnli	en
It is important to her that no one should ever shame her.	9	0.04719798266887665	0.15985968708992004	0.2789560556411743	0.19578370451927185	0.19179274141788483	0.1264098733663559	MoritzLaurer/mDeBERTa-v3-base-mnli-xnli	en
It is important to her always to look for different things to do.	10	0.03378373384475708	0.20951178669929504	0.2986958622932434	0.19627423584461212	0.14564351737499237	0.11609083414077759	MoritzLaurer/mDeBERTa-v3-base-mnli-xnli	en
It is important to her to take care of people she is close to.	11	0.024077042937278748	0.041561275720596313	0.38576599955558777	0.17771698534488678	0.17779947817325592	0.19307929277420044	MoritzLaurer/mDeBERTa-v3-base-mnli-xnli	en
It is important to her to have the power that money can bring.	12	0.02329767681658268	0.09554417431354523	0.3501017689704895	0.2185918241739273	0.1900220662355423	0.12244252115488052	MoritzLaurer/mDeBERTa-v3-base-mnli-xnli	en
It is very important to her to avoid disease and protect her health.	13	0.020555827766656876	0.05364323407411575	0.32004016637802124	0.23212853074073792	0.22068731486797333	0.1529449224472046	MoritzLaurer/mDeBERTa-v3-base-mnli-xnli	en
It is important to her to be tolerant toward all kinds of people and groups.	14	0.02147318795323372	0.03634948655962944	0.32287225127220154	0.3191007375717163	0.17554441094398499	0.12465997040271759	MoritzLaurer/mDeBERTa-v3-base-mnli-xnli	en
It is important to her never to violate rules or regulations.	15	0.050625286996364594	0.12001563608646393	0.2552548944950104	0.2467886358499527	0.2298741340637207	0.09744151681661606	MoritzLaurer/mDeBERTa-v3-base-mnli-xnli	en
It is important to her to make her own decisions about her life.	16	0.0284456554800272	0.10190422087907791	0.3302026391029358	0.1972145289182663	0.17683205008506775	0.16540095210075378	MoritzLaurer/mDeBERTa-v3-base-mnli-xnli	en
It is important to her to have ambitions in life.	17	0.023219697177410126	0.08441434055566788	0.3462127149105072	0.18123887479305267	0.23401287198066711	0.13090147078037262	MoritzLaurer/mDeBERTa-v3-base-mnli-xnli	en
It is important to her to maintain traditional values and ways of thinking.	18	0.0224493145942688	0.07247622311115265	0.308458536863327	0.2801141142845154	0.21687817573547363	0.09962364286184311	MoritzLaurer/mDeBERTa-v3-base-mnli-xnli	en
It is important to her that people she knows have full confidence in her.	19	0.027696119621396065	0.051680970937013626	0.3658669590950012	0.21166688203811646	0.20924174785614014	0.13384726643562317	MoritzLaurer/mDeBERTa-v3-base-mnli-xnli	en
It is important to her to be wealthy.	20	0.02644718624651432	0.11755391955375671	0.35077139735221863	0.15707527101039886	0.22346839308738708	0.12468377500772476	MoritzLaurer/mDeBERTa-v3-base-mnli-xnli	en
It is important to her to take part in activities to defend nature.	21	0.023428769782185555	0.06412041187286377	0.3772549629211426	0.26186060905456543	0.1450749933719635	0.12826021015644073	MoritzLaurer/mDeBERTa-v3-base-mnli-xnli	en
It is important to her never to annoy anyone.	22	0.09529081732034683	0.29653844237327576	0.19632183015346527	0.17355793714523315	0.16232462227344513	0.07596642524003983	MoritzLaurer/mDeBERTa-v3-base-mnli-xnli	en
It is important to her to develop her own opinions.	23	0.02197430096566677	0.096654511988163	0.3546768128871918	0.17203448712825775	0.20815697312355042	0.14650297164916992	MoritzLaurer/mDeBERTa-v3-base-mnli-xnli	en
It is important to her to protect her public image.	24	0.026803310960531235	0.11079531162977219	0.32323670387268066	0.21883249282836914	0.17554712295532227	0.1447850465774536	MoritzLaurer/mDeBERTa-v3-base-mnli-xnli	en
It is very important to her to help the people dear to her.	25	0.026285581290721893	0.05100449174642563	0.3264075219631195	0.25632327795028687	0.1581030935049057	0.1818760186433792	MoritzLaurer/mDeBERTa-v3-base-mnli-xnli	en
It is important to her to be personally safe and secure.	26	0.0199186559766531	0.0736202746629715	0.38445761799812317	0.2042200118303299	0.21278847754001617	0.10499488562345505	MoritzLaurer/mDeBERTa-v3-base-mnli-xnli	en
It is important to her to be a dependable and trustworthy friend.	27	0.019369948655366898	0.03688903525471687	0.34153515100479126	0.2253860980272293	0.24610567092895508	0.13071408867835999	MoritzLaurer/mDeBERTa-v3-base-mnli-xnli	en
It is important to her to take risks that make life exciting.	28	0.029148360714316368	0.07455534487962723	0.34957602620124817	0.20524100959300995	0.17020083963871002	0.17127835750579834	MoritzLaurer/mDeBERTa-v3-base-mnli-xnli	en
It is important to her to have the power to make people do what she wants.	29	0.026315992698073387	0.06581472605466843	0.3688680827617645	0.18446125090122223	0.18522800505161285	0.16931197047233582	MoritzLaurer/mDeBERTa-v3-base-mnli-xnli	en
It is important to her to plan her activities independently.	30	0.027380667626857758	0.100629523396492	0.26839479804039	0.25802940130233765	0.1875210404396057	0.15804457664489746	MoritzLaurer/mDeBERTa-v3-base-mnli-xnli	en
It is important to her to follow rules even when no-one is watching.	31	0.029764985665678978	0.09582111984491348	0.30171316862106323	0.2548370659351349	0.21231411397457123	0.10554953664541245	MoritzLaurer/mDeBERTa-v3-base-mnli-xnli	en
It is important to her to be very successful.	32	0.02657540887594223	0.0970134362578392	0.37248703837394714	0.16153886914253235	0.2238871455192566	0.1184980496764183	MoritzLaurer/mDeBERTa-v3-base-mnli-xnli	en
It is important to her to follow her family’s customs or the customs of a religion.	33	0.028981376439332962	0.07694797217845917	0.3651145398616791	0.22428631782531738	0.169801265001297	0.13486850261688232	MoritzLaurer/mDeBERTa-v3-base-mnli-xnli	en
It is important to her to listen to and understand people who are different from her.	34	0.02838832698762417	0.42585209012031555	0.2824540138244629	0.12449102848768234	0.07376828044652939	0.0650462880730629	MoritzLaurer/mDeBERTa-v3-base-mnli-xnli	en
It is important to her to have a strong state that can defend its citizens.	35	0.018919317051768303	0.06347466260194778	0.38056454062461853	0.1924760341644287	0.2357185333967209	0.10884685814380646	MoritzLaurer/mDeBERTa-v3-base-mnli-xnli	en
It is important to her to enjoy life’s pleasures.	36	0.021742772310972214	0.0659509226679802	0.35647138953208923	0.20166945457458496	0.23174017667770386	0.12242535501718521	MoritzLaurer/mDeBERTa-v3-base-mnli-xnli	en
It is important to her that every person in the world have equal opportunities in life.	37	0.034155476838350296	0.0911223441362381	0.27959343791007996	0.24462904036045074	0.22507964074611664	0.1254200041294098	MoritzLaurer/mDeBERTa-v3-base-mnli-xnli	en
It is important to her to be humble.	38	0.02148778922855854	0.1269618272781372	0.3130534589290619	0.2631920576095581	0.1704929918050766	0.10481186956167221	MoritzLaurer/mDeBERTa-v3-base-mnli-xnli	en
It is important to her to figure things out herself.	39	0.021971238777041435	0.09354893863201141	0.3546449840068817	0.1985207349061966	0.1941659152507782	0.1371481716632843	MoritzLaurer/mDeBERTa-v3-base-mnli-xnli	en
It is important to her to honor the traditional practices of her culture.	40	0.021215856075286865	0.03973553702235222	0.32495447993278503	0.24892744421958923	0.22700311243534088	0.13816355168819427	MoritzLaurer/mDeBERTa-v3-base-mnli-xnli	en
It is important to her to be the one who tells others what to do.	41	0.02492685243487358	0.08038249611854553	0.35609909892082214	0.2282162755727768	0.19381998479366302	0.11655527353286743	MoritzLaurer/mDeBERTa-v3-base-mnli-xnli	en
It is important to her to obey all the laws.	42	0.027071135118603706	0.10064148902893066	0.3021809458732605	0.253884494304657	0.2071688026189804	0.10905314981937408	MoritzLaurer/mDeBERTa-v3-base-mnli-xnli	en
It is important to her to have all sorts of new experiences.	43	0.03010190837085247	0.08058243989944458	0.3547627031803131	0.20839053392410278	0.19668301939964294	0.12947936356067657	MoritzLaurer/mDeBERTa-v3-base-mnli-xnli	en
It is important to her to own expensive things that show her wealth	44	0.028245901688933372	0.050151120871305466	0.28897470235824585	0.21970127522945404	0.2696717381477356	0.14325518906116486	MoritzLaurer/mDeBERTa-v3-base-mnli-xnli	en
It is important to her to protect the natural environment from destruction or pollution.	45	0.02258452959358692	0.06028074771165848	0.3690200448036194	0.25570163130760193	0.1818659007549286	0.11054711043834686	MoritzLaurer/mDeBERTa-v3-base-mnli-xnli	en
It is important to her to take advantage of every opportunity to have fun.	46	0.02342795766890049	0.061010777950286865	0.34003347158432007	0.21703509986400604	0.22885280847549438	0.1296398639678955	MoritzLaurer/mDeBERTa-v3-base-mnli-xnli	en
It is important to her to concern herself with every need of her dear ones.	47	0.024967344477772713	0.038334134966135025	0.3508787155151367	0.20434243977069855	0.2040184736251831	0.17745883762836456	MoritzLaurer/mDeBERTa-v3-base-mnli-xnli	en
It is important to her that people recognize what she achieves.	48	0.022336183115839958	0.07040635496377945	0.34324410557746887	0.21059836447238922	0.22740663588047028	0.12600837647914886	MoritzLaurer/mDeBERTa-v3-base-mnli-xnli	en
It is important to her never to be humiliated.	49	0.04778483510017395	0.2038300782442093	0.2513090968132019	0.18311890959739685	0.19395452737808228	0.12000255286693573	MoritzLaurer/mDeBERTa-v3-base-mnli-xnli	en
It is important to her that her country protect itself against all threats.	50	0.023114308714866638	0.056433286517858505	0.31348320841789246	0.23804980516433716	0.24483662843704224	0.12408273667097092	MoritzLaurer/mDeBERTa-v3-base-mnli-xnli	en
It is important to her never to make other people angry.	51	0.0772867426276207	0.23611855506896973	0.22008036077022552	0.2181914895772934	0.15894629061222076	0.08937647938728333	MoritzLaurer/mDeBERTa-v3-base-mnli-xnli	en
It is important to her that everyone be treated justly, even people she doesn’t know.	52	0.02248464897274971	0.06066906452178955	0.36631882190704346	0.2099529206752777	0.2094411700963974	0.13113340735435486	MoritzLaurer/mDeBERTa-v3-base-mnli-xnli	en
It is important to her to avoid anything dangerous.	53	0.027744021266698837	0.11995750665664673	0.32425710558891296	0.2217983603477478	0.1954399049282074	0.11080311238765717	MoritzLaurer/mDeBERTa-v3-base-mnli-xnli	en
It is important to her to be satisfied with what she has and not ask for more.	54	0.02321660704910755	0.05722628906369209	0.3134271204471588	0.23697467148303986	0.25357484817504883	0.11558043956756592	MoritzLaurer/mDeBERTa-v3-base-mnli-xnli	en
It is important to her that all her friends and family can rely on her completely.	55	0.03126445412635803	0.05006711930036545	0.2974611818790436	0.23740814626216888	0.24614590406417847	0.137653186917305	MoritzLaurer/mDeBERTa-v3-base-mnli-xnli	en
It is important to her to be free to choose what she does by herself.	56	0.02311810478568077	0.06265009194612503	0.3397437036037445	0.1930757313966751	0.23642988502979279	0.1449825018644333	MoritzLaurer/mDeBERTa-v3-base-mnli-xnli	en
It is important to her to accept people even when she disagrees with them.	57	0.015579823404550552	0.051085442304611206	0.39658594131469727	0.19160574674606323	0.19825047254562378	0.14689260721206665	MoritzLaurer/mDeBERTa-v3-base-mnli-xnli	en
It is important to her to form her views independently.	1	0.018222447484731674	0.32754918932914734	0.2189357727766037	0.2305566370487213	0.11557857692241669	0.089157335460186	facebook/bart-large-mnli	en
It is important to her that her country is secure and stable.	2	0.01672840118408203	0.1623600423336029	0.2521648108959198	0.29049959778785706	0.19211754202842712	0.0861295834183693	facebook/bart-large-mnli	en
It is important to her to have a good time.	3	0.006731610279530287	0.06594809144735336	0.3255148231983185	0.30970513820648193	0.14863421022891998	0.14346614480018616	facebook/bart-large-mnli	en
It is important to her to avoid upsetting other people.	4	0.015170295722782612	0.20652565360069275	0.2665518820285797	0.3196069896221161	0.10856768488883972	0.08357745409011841	facebook/bart-large-mnli	en
It is important to her that the weak and vulnerable in society be protected.	5	0.01721944659948349	0.16567035019397736	0.24783310294151306	0.2973785400390625	0.14433535933494568	0.12756314873695374	facebook/bart-large-mnli	en
It is important to her that people do what she says they should.	6	0.010821370407938957	0.07571762055158615	0.3196592926979065	0.2703767418861389	0.17299066483974457	0.15043427050113678	facebook/bart-large-mnli	en
It is important to her never to think she deserves more than other people.	7	0.01661726087331772	0.1821025162935257	0.2912382483482361	0.26142603158950806	0.15236441791057587	0.09625150263309479	facebook/bart-large-mnli	en
It is important to her to care for nature.	8	0.007587625179439783	0.12228899449110031	0.2858470380306244	0.3216957151889801	0.13318049907684326	0.12940016388893127	facebook/bart-large-mnli	en
It is important to her that no one should ever shame her.	9	0.02191571705043316	0.1836286038160324	0.28545820713043213	0.26701584458351135	0.14922474324703217	0.09275688230991364	facebook/bart-large-mnli	en
It is important to her always to look for different things to do.	10	0.009726403281092644	0.09394212067127228	0.32805725932121277	0.22992582619190216	0.1742520034313202	0.16409648954868317	facebook/bart-large-mnli	en
It is important to her to take care of people she is close to.	11	0.006056529004126787	0.06338655948638916	0.3243619203567505	0.2546038329601288	0.1769884079694748	0.17460273206233978	facebook/bart-large-mnli	en
It is important to her to have the power that money can bring.	12	0.012772167101502419	0.11680103093385696	0.3129393458366394	0.2697242200374603	0.16137850284576416	0.1263846904039383	facebook/bart-large-mnli	en
It is very important to her to avoid disease and protect her health.	13	0.017036203294992447	0.15535321831703186	0.2455168068408966	0.341235876083374	0.13037355244159698	0.11048430949449539	facebook/bart-large-mnli	en
It is important to her to be tolerant toward all kinds of people and groups.	14	0.012633789330720901	0.12441691756248474	0.27636146545410156	0.3044743239879608	0.16044101119041443	0.12167251855134964	facebook/bart-large-mnli	en
It is important to her never to violate rules or regulations.	15	0.01729637011885643	0.19039873778820038	0.2482752948999405	0.2996349632740021	0.14868108928203583	0.0957135558128357	facebook/bart-large-mnli	en
It is important to her to make her own decisions about her life.	16	0.022199543192982674	0.2018090933561325	0.2383749783039093	0.2904929220676422	0.15300075709819794	0.09412268549203873	facebook/bart-large-mnli	en
It is important to her to have ambitions in life.	17	0.007742760237306356	0.101596899330616	0.31156885623931885	0.2797539234161377	0.18649816513061523	0.11283936351537704	facebook/bart-large-mnli	en
It is important to her to maintain traditional values and ways of thinking.	18	0.009272752329707146	0.09275949001312256	0.2752190828323364	0.3683297634124756	0.14516182243824005	0.10925711691379547	facebook/bart-large-mnli	en
It is important to her that people she knows have full confidence in her.	19	0.011582819744944572	0.07680433243513107	0.2954675555229187	0.2589900493621826	0.22246630489826202	0.1346888542175293	facebook/bart-large-mnli	en
It is important to her to be wealthy.	20	0.01524505577981472	0.15129786729812622	0.2968631982803345	0.29793158173561096	0.13508878648281097	0.10357353836297989	facebook/bart-large-mnli	en
It is important to her to take part in activities to defend nature.	21	0.010592750273644924	0.15018154680728912	0.26619774103164673	0.3329593539237976	0.1335965245962143	0.10647214949131012	facebook/bart-large-mnli	en
It is important to her never to annoy anyone.	22	0.0185522623360157	0.20955349504947662	0.25328928232192993	0.31728610396385193	0.10800465196371078	0.09331417083740234	facebook/bart-large-mnli	en
It is important to her to develop her own opinions.	23	0.015411962755024433	0.218915656208992	0.252420037984848	0.26185089349746704	0.13585560023784637	0.11554582417011261	facebook/bart-large-mnli	en
It is important to her to protect her public image.	24	0.02752065472304821	0.24773307144641876	0.24184760451316833	0.24881964921951294	0.14982697367668152	0.08425202965736389	facebook/bart-large-mnli	en
It is very important to her to help the people dear to her.	25	0.00710834888741374	0.08638513088226318	0.27034348249435425	0.26755866408348083	0.19115497171878815	0.17744940519332886	facebook/bart-large-mnli	en
It is important to her to be personally safe and secure.	26	0.012409738264977932	0.14173810184001923	0.2655162811279297	0.2843312919139862	0.18525345623493195	0.11075117439031601	facebook/bart-large-mnli	en
It is important to her to be a dependable and trustworthy friend.	27	0.010616379790008068	0.08795968443155289	0.26862719655036926	0.31829723715782166	0.19676291942596436	0.11773665994405746	facebook/bart-large-mnli	en
It is important to her to take risks that make life exciting.	28	0.008930118754506111	0.10997328907251358	0.389205664396286	0.1985074132680893	0.14392545819282532	0.14945805072784424	facebook/bart-large-mnli	en
It is important to her to have the power to make people do what she wants.	29	0.022765470668673515	0.1520242840051651	0.316669225692749	0.22943717241287231	0.14846251904964447	0.13064132630825043	facebook/bart-large-mnli	en
It is important to her to plan her activities independently.	30	0.012289530597627163	0.2204219251871109	0.25144901871681213	0.27794262766838074	0.13350756466388702	0.10438942909240723	facebook/bart-large-mnli	en
It is important to her to follow rules even when no-one is watching.	31	0.007593546062707901	0.09434991329908371	0.3081444501876831	0.26482632756233215	0.20277193188667297	0.12231381237506866	facebook/bart-large-mnli	en
It is important to her to be very successful.	32	0.013692962005734444	0.1301054209470749	0.3161419928073883	0.27912959456443787	0.12363548576831818	0.13729456067085266	facebook/bart-large-mnli	en
It is important to her to follow her family’s customs or the customs of a religion.	33	0.01718939282000065	0.18550445139408112	0.2623027563095093	0.2474869191646576	0.1892920583486557	0.09822435677051544	facebook/bart-large-mnli	en
It is important to her to listen to and understand people who are different from her.	34	0.02683960646390915	0.6969783902168274	0.0976647213101387	0.07585056126117706	0.04692573845386505	0.055741049349308014	facebook/bart-large-mnli	en
It is important to her to have a strong state that can defend its citizens.	35	0.018023598939180374	0.15050631761550903	0.25749361515045166	0.26733559370040894	0.19641652703285217	0.11022429913282394	facebook/bart-large-mnli	en
It is important to her to enjoy life’s pleasures.	36	0.008318787440657616	0.11940912157297134	0.280161052942276	0.31438469886779785	0.15864820778369904	0.1190781369805336	facebook/bart-large-mnli	en
It is important to her that every person in the world have equal opportunities in life.	37	0.016774963587522507	0.13920488953590393	0.28641441464424133	0.2787550687789917	0.17413824796676636	0.10471244156360626	facebook/bart-large-mnli	en
It is important to her to be humble.	38	0.006895887199789286	0.11709876358509064	0.27768802642822266	0.33305037021636963	0.176503524184227	0.08876337110996246	facebook/bart-large-mnli	en
It is important to her to figure things out herself.	39	0.009677290916442871	0.14692546427249908	0.2970537543296814	0.2582772374153137	0.148207426071167	0.13985872268676758	facebook/bart-large-mnli	en
It is important to her to honor the traditional practices of her culture.	40	0.018274815753102303	0.19250570237636566	0.25607791543006897	0.29178667068481445	0.13803675770759583	0.10331809520721436	facebook/bart-large-mnli	en
It is important to her to be the one who tells others what to do.	41	0.01820562034845352	0.15096496045589447	0.3034361004829407	0.24995756149291992	0.18209308385849	0.09534268826246262	facebook/bart-large-mnli	en
It is important to her to obey all the laws.	42	0.011068657971918583	0.11122720688581467	0.28065723180770874	0.2660575807094574	0.20677675306797028	0.12421255558729172	facebook/bart-large-mnli	en
It is important to her to have all sorts of new experiences.	43	0.009859991259872913	0.11769875138998032	0.30020350217819214	0.2911856770515442	0.13373702764511108	0.14731504023075104	facebook/bart-large-mnli	en
It is important to her to own expensive things that show her wealth	44	0.02624085545539856	0.12939274311065674	0.3595072031021118	0.18418607115745544	0.18308734893798828	0.11758576333522797	facebook/bart-large-mnli	en
It is important to her to protect the natural environment from destruction or pollution.	45	0.012897945009171963	0.19044941663742065	0.23117192089557648	0.30675533413887024	0.15705129504203796	0.10167408734560013	facebook/bart-large-mnli	en
It is important to her to take advantage of every opportunity to have fun.	46	0.0057001868262887	0.06231126934289932	0.33438631892204285	0.27252480387687683	0.1742364913225174	0.15084093809127808	facebook/bart-large-mnli	en
It is important to her to concern herself with every need of her dear ones.	47	0.007702038157731295	0.08883772790431976	0.2640969753265381	0.2860853374004364	0.22019176185131073	0.133086159825325	facebook/bart-large-mnli	en
It is important to her that people recognize what she achieves.	48	0.0191958025097847	0.22710469365119934	0.28110992908477783	0.21970795094966888	0.1380908191204071	0.11479080468416214	facebook/bart-large-mnli	en
It is important to her never to be humiliated.	49	0.021435698494315147	0.19661083817481995	0.26937344670295715	0.2948119044303894	0.13403700292110443	0.0837310403585434	facebook/bart-large-mnli	en
It is important to her that her country protect itself against all threats.	50	0.0227139201015234	0.19932101666927338	0.24593718349933624	0.2669421136379242	0.1649346500635147	0.10015113651752472	facebook/bart-large-mnli	en
It is important to her never to make other people angry.	51	0.01994149386882782	0.21817581355571747	0.2521840035915375	0.30710816383361816	0.12028458714485168	0.08230588585138321	facebook/bart-large-mnli	en
It is important to her that everyone be treated justly, even people she doesn’t know.	52	0.009307869710028172	0.10073493421077728	0.2807263731956482	0.27863264083862305	0.1899760663509369	0.14062215387821198	facebook/bart-large-mnli	en
It is important to her to avoid anything dangerous.	53	0.014420361258089542	0.1596820205450058	0.27521073818206787	0.34463417530059814	0.10752549022436142	0.09852711856365204	facebook/bart-large-mnli	en
It is important to her to be satisfied with what she has and not ask for more.	54	0.014178606681525707	0.10178163647651672	0.28519925475120544	0.33824092149734497	0.16465575993061066	0.09594376385211945	facebook/bart-large-mnli	en
It is important to her that all her friends and family can rely on her completely.	55	0.012224597856402397	0.09318879246711731	0.31499165296554565	0.25863146781921387	0.1921098530292511	0.12885360419750214	facebook/bart-large-mnli	en
It is important to her to be free to choose what she does by herself.	56	0.018866559490561485	0.19810698926448822	0.23956406116485596	0.3105083405971527	0.1460457742214203	0.0869082659482956	facebook/bart-large-mnli	en
It is important to her to accept people even when she disagrees with them.	57	0.00844647642225027	0.11626233160495758	0.27615755796432495	0.27335479855537415	0.19199725985527039	0.13378159701824188	facebook/bart-large-mnli	en
It is important to her to form her views independently.	1	0.03542330488562584	0.4291953146457672	0.15613636374473572	0.1024734228849411	0.17626351118087769	0.10050807148218155	valhalla/distilbart-mnli-12-1	en
It is important to her that her country is secure and stable.	2	0.04741040617227554	0.3430543839931488	0.1873820424079895	0.1474899798631668	0.16412650048732758	0.11053666472434998	valhalla/distilbart-mnli-12-1	en
It is important to her to have a good time.	3	0.027933482080698013	0.19790047407150269	0.24278876185417175	0.1655282974243164	0.19663751125335693	0.1692114621400833	valhalla/distilbart-mnli-12-1	en
It is important to her to avoid upsetting other people.	4	0.030479468405246735	0.32195213437080383	0.20490765571594238	0.14962418377399445	0.1775083839893341	0.11552821099758148	valhalla/distilbart-mnli-12-1	en
It is important to her that the weak and vulnerable in society be protected.	5	0.04262060672044754	0.250312864780426	0.2482539862394333	0.1234542727470398	0.19809912145137787	0.1372591257095337	valhalla/distilbart-mnli-12-1	en
It is important to her that people do what she says they should.	6	0.032507091760635376	0.14418435096740723	0.2572762370109558	0.20840080082416534	0.20640623569488525	0.151225283741951	valhalla/distilbart-mnli-12-1	en
It is important to her never to think she deserves more than other people.	7	0.04729452356696129	0.42112407088279724	0.1715168058872223	0.08449440449476242	0.17033188045024872	0.10523835569620132	valhalla/distilbart-mnli-12-1	en
It is important to her to care for nature.	8	0.03304324671626091	0.33542853593826294	0.1746746003627777	0.17645977437496185	0.16243764758110046	0.11795622110366821	valhalla/distilbart-mnli-12-1	en
It is important to her that no one should ever shame her.	9	0.04459673538804054	0.26083698868751526	0.22049424052238464	0.1319049745798111	0.21635499596595764	0.1258121281862259	valhalla/distilbart-mnli-12-1	en
It is important to her always to look for different things to do.	10	0.02936200238764286	0.24344544112682343	0.2896995544433594	0.10339716076850891	0.1650334745645523	0.1690622717142105	valhalla/distilbart-mnli-12-1	en
It is important to her to take care of people she is close to.	11	0.02949221059679985	0.20801636576652527	0.2229400873184204	0.15933716297149658	0.1725313365459442	0.20768281817436218	valhalla/distilbart-mnli-12-1	en
It is important to her to have the power that money can bring.	12	0.03505697846412659	0.254313200712204	0.2535015046596527	0.10632644593715668	0.18795758485794067	0.16284425556659698	valhalla/distilbart-mnli-12-1	en
It is very important to her to avoid disease and protect her health.	13	0.04852558672428131	0.37862569093704224	0.18413767218589783	0.12211599200963974	0.15812213718891144	0.10847295075654984	valhalla/distilbart-mnli-12-1	en
It is important to her to be tolerant toward all kinds of people and groups.	14	0.03222199156880379	0.24245306849479675	0.23330366611480713	0.13718807697296143	0.1885107457637787	0.16632241010665894	valhalla/distilbart-mnli-12-1	en
It is important to her never to violate rules or regulations.	15	0.045121461153030396	0.2923393249511719	0.20281845331192017	0.13631731271743774	0.1858244687318802	0.13757890462875366	valhalla/distilbart-mnli-12-1	en
It is important to her to make her own decisions about her life.	16	0.03751504048705101	0.3328692317008972	0.2110515534877777	0.10288764536380768	0.21519283950328827	0.10048360377550125	valhalla/distilbart-mnli-12-1	en
It is important to her to have ambitions in life.	17	0.02611698769032955	0.2390170395374298	0.2556706368923187	0.1380554586648941	0.1997906118631363	0.14134931564331055	valhalla/distilbart-mnli-12-1	en
It is important to her to maintain traditional values and ways of thinking.	18	0.023898515850305557	0.23281683027744293	0.21223241090774536	0.24513505399227142	0.1327255219221115	0.1531916707754135	valhalla/distilbart-mnli-12-1	en
It is important to her that people she knows have full confidence in her.	19	0.026069892570376396	0.13743190467357635	0.2584521770477295	0.16133955121040344	0.22343212366104126	0.19327440857887268	valhalla/distilbart-mnli-12-1	en
It is important to her to be wealthy.	20	0.04272659868001938	0.2760501503944397	0.236045241355896	0.13290664553642273	0.1823955625295639	0.12987583875656128	valhalla/distilbart-mnli-12-1	en
It is important to her to take part in activities to defend nature.	21	0.0305893924087286	0.373823881149292	0.1889832466840744	0.13075672090053558	0.1799740344285965	0.09587272256612778	valhalla/distilbart-mnli-12-1	en
It is important to her never to annoy anyone.	22	0.030468683689832687	0.29561740159988403	0.18450996279716492	0.1829206645488739	0.15093782544136047	0.1555454283952713	valhalla/distilbart-mnli-12-1	en
It is important to her to develop her own opinions.	23	0.030379096046090126	0.36736392974853516	0.18061602115631104	0.11464206874370575	0.20423181354999542	0.10276703536510468	valhalla/distilbart-mnli-12-1	en
It is important to her to protect her public image.	24	0.03924334794282913	0.35416078567504883	0.1547088325023651	0.12062737345695496	0.2270083874464035	0.10425129532814026	valhalla/distilbart-mnli-12-1	en
It is very important to her to help the people dear to her.	25	0.03653831407427788	0.23991572856903076	0.20125050842761993	0.15757881104946136	0.16923587024211884	0.19548071920871735	valhalla/distilbart-mnli-12-1	en
It is important to her to be personally safe and secure.	26	0.03408472239971161	0.24891763925552368	0.2003326267004013	0.1564577966928482	0.21754193305969238	0.142665296792984	valhalla/distilbart-mnli-12-1	en
It is important to her to be a dependable and trustworthy friend.	27	0.022077344357967377	0.1187472864985466	0.25746676325798035	0.21135149896144867	0.20325793325901031	0.18709920346736908	valhalla/distilbart-mnli-12-1	en
It is important to her to take risks that make life exciting.	28	0.025569405406713486	0.28180086612701416	0.29484161734580994	0.06591714918613434	0.1587868332862854	0.17308419942855835	valhalla/distilbart-mnli-12-1	en
It is important to her to have the power to make people do what she wants.	29	0.027747182175517082	0.16079136729240417	0.28025051951408386	0.11622568219900131	0.18989117443561554	0.22509410977363586	valhalla/distilbart-mnli-12-1	en
It is important to her to plan her activities independently.	30	0.029572054743766785	0.35728320479393005	0.1795528531074524	0.12271548062562943	0.19005903601646423	0.12081734836101532	valhalla/distilbart-mnli-12-1	en
It is important to her to follow rules even when no-one is watching.	31	0.015045068226754665	0.17752137780189514	0.2722955644130707	0.10512435436248779	0.27178293466567993	0.158230721950531	valhalla/distilbart-mnli-12-1	en
It is important to her to be very successful.	32	0.029786180704832077	0.20308488607406616	0.2649279832839966	0.15684077143669128	0.18511700630187988	0.1602432131767273	valhalla/distilbart-mnli-12-1	en
It is important to her to follow her family’s customs or the customs of a religion.	33	0.06079668179154396	0.41894397139549255	0.17551761865615845	0.0679515078663826	0.15966051816940308	0.11712969839572906	valhalla/distilbart-mnli-12-1	en
It is important to her to listen to and understand people who are different from her.	34	0.044057272374629974	0.8475651144981384	0.03886684030294418	0.019618496298789978	0.02956341952085495	0.020328810438513756	valhalla/distilbart-mnli-12-1	en
It is important to her to have a strong state that can defend its citizens.	35	0.041310135275125504	0.37369558215141296	0.17385421693325043	0.08419200032949448	0.23788170516490936	0.08906637877225876	valhalla/distilbart-mnli-12-1	en
It is important to her to enjoy life’s pleasures.	36	0.03062579222023487	0.29801681637763977	0.21285030245780945	0.14860741794109344	0.1608985960483551	0.1490011066198349	valhalla/distilbart-mnli-12-1	en
It is important to her that every person in the world have equal opportunities in life.	37	0.04037291184067726	0.2870277762413025	0.2205207645893097	0.11894521117210388	0.2058245688676834	0.12730874121189117	valhalla/distilbart-mnli-12-1	en
It is important to her to be humble.	38	0.01849057897925377	0.1830306053161621	0.2561158835887909	0.19308410584926605	0.2229454219341278	0.12633340060710907	valhalla/distilbart-mnli-12-1	en
It is important to her to figure things out herself.	39	0.021777914837002754	0.205050989985466	0.25909623503685	0.17008957266807556	0.16511492431163788	0.1788702756166458	valhalla/distilbart-mnli-12-1	en
It is important to her to honor the traditional practices of her culture.	40	0.053314853459596634	0.4702287018299103	0.16193139553070068	0.0921410471200943	0.13053962588310242	0.09184442460536957	valhalla/distilbart-mnli-12-1	en
It is important to her to be the one who tells others what to do.	41	0.029448509216308594	0.13925863802433014	0.25072506070137024	0.10618948936462402	0.2818315923213959	0.19254672527313232	valhalla/distilbart-mnli-12-1	en
It is important to her to obey all the laws.	42	0.026709649711847305	0.172045037150383	0.23939330875873566	0.12582726776599884	0.2968938946723938	0.13913081586360931	valhalla/distilbart-mnli-12-1	en
It is important to her to have all sorts of new experiences.	43	0.03123069368302822	0.27876660227775574	0.2582469880580902	0.1156129240989685	0.14865094423294067	0.16749180853366852	valhalla/distilbart-mnli-12-1	en
It is important to her to own expensive things that show her wealth	44	0.06363224238157272	0.3513815999031067	0.17254985868930817	0.06038547307252884	0.24059055745601654	0.11146033555269241	valhalla/distilbart-mnli-12-1	en
It is important to her to protect the natural environment from destruction or pollution.	45	0.04547256976366043	0.43749359250068665	0.1675778478384018	0.12410452961921692	0.11639119684696198	0.10896022617816925	valhalla/distilbart-mnli-12-1	en
It is important to her to take advantage of every opportunity to have fun.	46	0.020281242206692696	0.1877470761537552	0.25760161876678467	0.15281572937965393	0.18515630066394806	0.1963980793952942	valhalla/distilbart-mnli-12-1	en
It is important to her to concern herself with every need of her dear ones.	47	0.0341000035405159	0.30427923798561096	0.16832339763641357	0.14874424040317535	0.179694265127182	0.1648588329553604	valhalla/distilbart-mnli-12-1	en
It is important to her that people recognize what she achieves.	48	0.02816036343574524	0.3550524413585663	0.19918465614318848	0.11314990371465683	0.20403966307640076	0.1004129946231842	valhalla/distilbart-mnli-12-1	en
It is important to her never to be humiliated.	49	0.055640507489442825	0.34913045167922974	0.19947347044944763	0.11405795812606812	0.16039156913757324	0.12130607664585114	valhalla/distilbart-mnli-12-1	en
It is important to her that her country protect itself against all threats.	50	0.051392484456300735	0.40000346302986145	0.17898553609848022	0.1123984158039093	0.1550641804933548	0.1021558865904808	valhalla/distilbart-mnli-12-1	en
It is important to her never to make other people angry.	51	0.04409398138523102	0.31512928009033203	0.18729278445243835	0.14056825637817383	0.16174061596393585	0.1511751115322113	valhalla/distilbart-mnli-12-1	en
It is important to her that everyone be treated justly, even people she doesn’t know.	52	0.04372546449303627	0.25235459208488464	0.22281654179096222	0.12173742800951004	0.17489975690841675	0.18446621298789978	valhalla/distilbart-mnli-12-1	en
It is important to her to avoid anything dangerous.	53	0.032998260110616684	0.26867789030075073	0.2312176525592804	0.1407342106103897	0.18435616791248322	0.14201577007770538	valhalla/distilbart-mnli-12-1	en
It is important to her to be satisfied with what she has and not ask for more.	54	0.02509322203695774	0.1606305092573166	0.260410875082016	0.1506509631872177	0.24625447392463684	0.1569598913192749	valhalla/distilbart-mnli-12-1	en
It is important to her that all her friends and family can rely on her completely.	55	0.03993676230311394	0.24032391607761383	0.24126824736595154	0.13168828189373016	0.17469178140163422	0.17209100723266602	valhalla/distilbart-mnli-12-1	en
It is important to her to be free to choose what she does by herself.	56	0.033089108765125275	0.3545079231262207	0.19271491467952728	0.09116296470165253	0.22620895504951477	0.10231608897447586	valhalla/distilbart-mnli-12-1	en
It is important to her to accept people even when she disagrees with them.	57	0.04425360634922981	0.3466852009296417	0.1699255108833313	0.14787554740905762	0.16440926492214203	0.12685087323188782	valhalla/distilbart-mnli-12-1	en
It is important to her to form her views independently.	1	0.09436389058828354	0.24997980892658234	0.19929304718971252	0.20589220523834229	0.14471261203289032	0.10575846582651138	cross-encoder/nli-distilroberta-base	en
It is important to her that her country is secure and stable.	2	0.08560363203287125	0.22427108883857727	0.1937665045261383	0.24151289463043213	0.12974034249782562	0.12510550022125244	cross-encoder/nli-distilroberta-base	en
It is important to her to have a good time.	3	0.06841331720352173	0.2001848667860031	0.20743313431739807	0.28747451305389404	0.12462661415338516	0.11186753958463669	cross-encoder/nli-distilroberta-base	en
It is important to her to avoid upsetting other people.	4	0.10827374458312988	0.3020140826702118	0.18602798879146576	0.19020326435565948	0.11337927728891373	0.10010167211294174	cross-encoder/nli-distilroberta-base	en
It is important to her that the weak and vulnerable in society be protected.	5	0.11827664822340012	0.3640882074832916	0.16161547601222992	0.16139480471611023	0.09818671643733978	0.09643813222646713	cross-encoder/nli-distilroberta-base	en
It is important to her that people do what she says they should.	6	0.07679876685142517	0.1956109255552292	0.20787353813648224	0.2347470223903656	0.14955127239227295	0.13541848957538605	cross-encoder/nli-distilroberta-base	en
It is important to her never to think she deserves more than other people.	7	0.14506228268146515	0.3699725568294525	0.15290023386478424	0.15163028240203857	0.0886746197938919	0.09176000207662582	cross-encoder/nli-distilroberta-base	en
It is important to her to care for nature.	8	0.11098331212997437	0.32095950841903687	0.1772899031639099	0.15827378630638123	0.12345800548791885	0.10903551429510117	cross-encoder/nli-distilroberta-base	en
It is important to her that no one should ever shame her.	9	0.1275644153356552	0.2993488609790802	0.16450615227222443	0.19659064710140228	0.09902172535657883	0.11296822130680084	cross-encoder/nli-distilroberta-base	en
It is important to her always to look for different things to do.	10	0.10688664019107819	0.23388174176216125	0.18601872026920319	0.21507999300956726	0.12573474645614624	0.13239823281764984	cross-encoder/nli-distilroberta-base	en
It is important to her to take care of people she is close to.	11	0.0710524395108223	0.18925046920776367	0.19376277923583984	0.2494978904724121	0.14204531908035278	0.1543911248445511	cross-encoder/nli-distilroberta-base	en
It is important to her to have the power that money can bring.	12	0.08592978864908218	0.23249858617782593	0.2058253139257431	0.19896553456783295	0.12831348180770874	0.14846721291542053	cross-encoder/nli-distilroberta-base	en
It is very important to her to avoid disease and protect her health.	13	0.10182725638151169	0.26311060786247253	0.18697574734687805	0.1743069738149643	0.12671375274658203	0.1470656841993332	cross-encoder/nli-distilroberta-base	en
It is important to her to be tolerant toward all kinds of people and groups.	14	0.08606705814599991	0.20141099393367767	0.1417877972126007	0.3397122323513031	0.12500996887683868	0.10601189732551575	cross-encoder/nli-distilroberta-base	en
It is important to her never to violate rules or regulations.	15	0.10098960995674133	0.24741804599761963	0.202584907412529	0.1985241323709488	0.1225154772400856	0.12796786427497864	cross-encoder/nli-distilroberta-base	en
It is important to her to make her own decisions about her life.	16	0.10016410797834396	0.2791382968425751	0.2047535926103592	0.19060015678405762	0.1261964738368988	0.09914735704660416	cross-encoder/nli-distilroberta-base	en
It is important to her to have ambitions in life.	17	0.0847775936126709	0.2402244210243225	0.19148632884025574	0.20492705702781677	0.14637473225593567	0.13220983743667603	cross-encoder/nli-distilroberta-base	en
It is important to her to maintain traditional values and ways of thinking.	18	0.0846078097820282	0.207403764128685	0.19679006934165955	0.2366197258234024	0.13613136112689972	0.13844723999500275	cross-encoder/nli-distilroberta-base	en
It is important to her that people she knows have full confidence in her.	19	0.058645766228437424	0.14943833649158478	0.18975764513015747	0.2721160650253296	0.16357830166816711	0.16646388173103333	cross-encoder/nli-distilroberta-base	en
It is important to her to be wealthy.	20	0.09778878092765808	0.31983065605163574	0.16423910856246948	0.16426774859428406	0.12222060561180115	0.1316530853509903	cross-encoder/nli-distilroberta-base	en
It is important to her to take part in activities to defend nature.	21	0.095368392765522	0.21684934198856354	0.2159503549337387	0.19479145109653473	0.1305057555437088	0.14653471112251282	cross-encoder/nli-distilroberta-base	en
It is important to her never to annoy anyone.	22	0.14981059730052948	0.34138646721839905	0.15687033534049988	0.17908361554145813	0.07673775404691696	0.09611133486032486	cross-encoder/nli-distilroberta-base	en
It is important to her to develop her own opinions.	23	0.1018141582608223	0.2887430489063263	0.19671984016895294	0.1831202358007431	0.13542389869689941	0.09417882561683655	cross-encoder/nli-distilroberta-base	en
It is important to her to protect her public image.	24	0.10382499545812607	0.27257782220840454	0.18613660335540771	0.16754212975502014	0.14380764961242676	0.12611083686351776	cross-encoder/nli-distilroberta-base	en
It is very important to her to help the people dear to her.	25	0.05938861146569252	0.16024115681648254	0.19684571027755737	0.23835481703281403	0.15607506036758423	0.189094677567482	cross-encoder/nli-distilroberta-base	en
It is important to her to be personally safe and secure.	26	0.10142307728528976	0.2702544331550598	0.20310929417610168	0.18709874153137207	0.1271970570087433	0.1109173372387886	cross-encoder/nli-distilroberta-base	en
It is important to her to be a dependable and trustworthy friend.	27	0.07086101174354553	0.17952415347099304	0.19033998250961304	0.22864647209644318	0.16326868534088135	0.16735965013504028	cross-encoder/nli-distilroberta-base	en
It is important to her to take risks that make life exciting.	28	0.09046650677919388	0.2617807984352112	0.2029961794614792	0.1827050745487213	0.12763884663581848	0.13441258668899536	cross-encoder/nli-distilroberta-base	en
It is important to her to have the power to make people do what she wants.	29	0.09747935831546783	0.25670719146728516	0.165659099817276	0.18014688789844513	0.1725541055202484	0.12745332717895508	cross-encoder/nli-distilroberta-base	en
It is important to her to plan her activities independently.	30	0.08699258416891098	0.22834289073944092	0.21981662511825562	0.19775357842445374	0.15263579785823822	0.11445856839418411	cross-encoder/nli-distilroberta-base	en
It is important to her to follow rules even when no-one is watching.	31	0.11315097659826279	0.2716533839702606	0.16324372589588165	0.20510552823543549	0.12011754512786865	0.1267288625240326	cross-encoder/nli-distilroberta-base	en
It is important to her to be very successful.	32	0.07978665828704834	0.252397358417511	0.1858886182308197	0.1897752434015274	0.12249362468719482	0.16965854167938232	cross-encoder/nli-distilroberta-base	en
It is important to her to follow her family’s customs or the customs of a religion.	33	0.09154412895441055	0.23026323318481445	0.20620451867580414	0.18651579320430756	0.14085617661476135	0.1446162462234497	cross-encoder/nli-distilroberta-base	en
It is important to her to listen to and understand people who are different from her.	34	0.14099757373332977	0.3647199869155884	0.16209398210048676	0.13848327100276947	0.11535954475402832	0.0783456563949585	cross-encoder/nli-distilroberta-base	en
It is important to her to have a strong state that can defend its citizens.	35	0.08673715591430664	0.24422653019428253	0.17264233529567719	0.21386966109275818	0.1452968418598175	0.13722744584083557	cross-encoder/nli-distilroberta-base	en
It is important to her to enjoy life’s pleasures.	36	0.05720946565270424	0.14978235960006714	0.23398128151893616	0.2609456181526184	0.1461954414844513	0.15188582241535187	cross-encoder/nli-distilroberta-base	en
It is important to her that every person in the world have equal opportunities in life.	37	0.08792691677808762	0.23989011347293854	0.16512787342071533	0.2163229137659073	0.1487812101840973	0.14195092022418976	cross-encoder/nli-distilroberta-base	en
It is important to her to be humble.	38	0.1164088323712349	0.31733328104019165	0.16609734296798706	0.25395339727401733	0.08241591602563858	0.0637911856174469	cross-encoder/nli-distilroberta-base	en
It is important to her to figure things out herself.	39	0.1050795391201973	0.29301464557647705	0.20320993661880493	0.1824634075164795	0.12602956593036652	0.0902029350399971	cross-encoder/nli-distilroberta-base	en
It is important to her to honor the traditional practices of her culture.	40	0.07778313755989075	0.17874975502490997	0.18914000689983368	0.22313173115253448	0.15546630322933197	0.17572908103466034	cross-encoder/nli-distilroberta-base	en
It is important to her to be the one who tells others what to do.	41	0.07676207274198532	0.2142825722694397	0.19257593154907227	0.21334777772426605	0.15567202866077423	0.14735960960388184	cross-encoder/nli-distilroberta-base	en
It is important to her to obey all the laws.	42	0.08737817406654358	0.20037388801574707	0.19064480066299438	0.21032273769378662	0.15712286531925201	0.15415750443935394	cross-encoder/nli-distilroberta-base	en
It is important to her to have all sorts of new experiences.	43	0.0873890146613121	0.21499569714069366	0.2008475512266159	0.22266824543476105	0.14151796698570251	0.13258157670497894	cross-encoder/nli-distilroberta-base	en
It is important to her to own expensive things that show her wealth	44	0.09646091610193253	0.251792311668396	0.18780677020549774	0.18762141466140747	0.12356603145599365	0.15275250375270844	cross-encoder/nli-distilroberta-base	en
It is important to her to protect the natural environment from destruction or pollution.	45	0.09282153099775314	0.2455950379371643	0.19529598951339722	0.1898362934589386	0.13542510569095612	0.14102599024772644	cross-encoder/nli-distilroberta-base	en
It is important to her to take advantage of every opportunity to have fun.	46	0.07932445406913757	0.18773998320102692	0.2095424085855484	0.23506025969982147	0.13976110517978668	0.14857175946235657	cross-encoder/nli-distilroberta-base	en
It is important to her to concern herself with every need of her dear ones.	47	0.08516395092010498	0.23398397862911224	0.17644111812114716	0.2006291002035141	0.15858152508735657	0.14520026743412018	cross-encoder/nli-distilroberta-base	en
It is important to her that people recognize what she achieves.	48	0.06565491855144501	0.18425822257995605	0.20855742692947388	0.2257634997367859	0.15947888791561127	0.15628701448440552	cross-encoder/nli-distilroberta-base	en
It is important to her never to be humiliated.	49	0.1278403401374817	0.3335813879966736	0.1750495433807373	0.16802538931369781	0.09421602636575699	0.10128727555274963	cross-encoder/nli-distilroberta-base	en
It is important to her that her country protect itself against all threats.	50	0.11763909459114075	0.2682415843009949	0.18290825188159943	0.18063655495643616	0.1262325644493103	0.12434191256761551	cross-encoder/nli-distilroberta-base	en
It is important to her never to make other people angry.	51	0.11035788059234619	0.2741861045360565	0.19875431060791016	0.21135245263576508	0.09984883666038513	0.10550041496753693	cross-encoder/nli-distilroberta-base	en
It is important to her that everyone be treated justly, even people she doesn’t know.	52	0.12849387526512146	0.2961227297782898	0.17785301804542542	0.18867892026901245	0.09531690180301666	0.11353456974029541	cross-encoder/nli-distilroberta-base	en
It is important to her to avoid anything dangerous.	53	0.13534584641456604	0.33923521637916565	0.16474150121212006	0.15444287657737732	0.09905696660280228	0.10717764496803284	cross-encoder/nli-distilroberta-base	en
It is important to her to be satisfied with what she has and not ask for more.	54	0.10915122926235199	0.26416313648223877	0.1755480021238327	0.19540604948997498	0.15005074441432953	0.10568083822727203	cross-encoder/nli-distilroberta-base	en
It is important to her that all her friends and family can rely on her completely.	55	0.0869210809469223	0.23497849702835083	0.16174203157424927	0.21865369379520416	0.15047918260097504	0.1472255289554596	cross-encoder/nli-distilroberta-base	en
It is important to her to be free to choose what she does by herself.	56	0.10948187112808228	0.28998929262161255	0.1791306883096695	0.1898227483034134	0.1338900327682495	0.09768543392419815	cross-encoder/nli-distilroberta-base	en
It is important to her to accept people even when she disagrees with them.	57	0.10199302434921265	0.2460709661245346	0.18963441252708435	0.21104313433170319	0.12289373576641083	0.12836463749408722	cross-encoder/nli-distilroberta-base	en
It is important to her to form her views independently.	1	0.050518546253442764	0.12541094422340393	0.32162320613861084	0.1672459840774536	0.16661883890628815	0.16858252882957458	microsoft/deberta-base-mnli	en
It is important to her that her country is secure and stable.	2	0.06125199422240257	0.1477714478969574	0.2759215235710144	0.13596485555171967	0.2327357530593872	0.14635439217090607	microsoft/deberta-base-mnli	en
It is important to her to have a good time.	3	0.038260117173194885	0.0832400694489479	0.2520155608654022	0.1931494027376175	0.26755526661872864	0.16577966511249542	microsoft/deberta-base-mnli	en
It is important to her to avoid upsetting other people.	4	0.0644349455833435	0.13168562948703766	0.27072691917419434	0.1456386297941208	0.2428823858499527	0.1446315348148346	microsoft/deberta-base-mnli	en
It is important to her that the weak and vulnerable in society be protected.	5	0.03875808045268059	0.0815373882651329	0.2308225929737091	0.18165384232997894	0.2489069700241089	0.21832115948200226	microsoft/deberta-base-mnli	en
It is important to her that people do what she says they should.	6	0.0884643942117691	0.1708681583404541	0.23374517261981964	0.13252422213554382	0.23830285668373108	0.13609528541564941	microsoft/deberta-base-mnli	en
It is important to her never to think she deserves more than other people.	7	0.12130802124738693	0.2529600262641907	0.19791796803474426	0.11646262556314468	0.1716690957546234	0.13968217372894287	microsoft/deberta-base-mnli	en
It is important to her to care for nature.	8	0.04117343947291374	0.09126658737659454	0.24283640086650848	0.17358775436878204	0.28003352880477905	0.17110227048397064	microsoft/deberta-base-mnli	en
It is important to her that no one should ever shame her.	9	0.08605929464101791	0.22286002337932587	0.22334438562393188	0.11469202488660812	0.23613341152668	0.11691085994243622	microsoft/deberta-base-mnli	en
It is important to her always to look for different things to do.	10	0.07710973173379898	0.15226122736930847	0.2271680235862732	0.16358962655067444	0.22644050419330597	0.15343087911605835	microsoft/deberta-base-mnli	en
It is important to her to take care of people she is close to.	11	0.037812184542417526	0.0752839520573616	0.29085198044776917	0.15928532183170319	0.2517251670360565	0.1850414127111435	microsoft/deberta-base-mnli	en
It is important to her to have the power that money can bring.	12	0.03911976143717766	0.07909498363733292	0.32401013374328613	0.13357987999916077	0.26647281646728516	0.15772250294685364	microsoft/deberta-base-mnli	en
It is very important to her to avoid disease and protect her health.	13	0.03510701656341553	0.07667940109968185	0.2475927621126175	0.15082402527332306	0.27527526021003723	0.21452151238918304	microsoft/deberta-base-mnli	en
It is important to her to be tolerant toward all kinds of people and groups.	14	0.05596960335969925	0.14575783908367157	0.25897249579429626	0.15171222388744354	0.1688569188117981	0.21873091161251068	microsoft/deberta-base-mnli	en
It is important to her never to violate rules or regulations.	15	0.06564898788928986	0.14968304336071014	0.21783286333084106	0.14914239943027496	0.27513372898101807	0.14255894720554352	microsoft/deberta-base-mnli	en
It is important to her to make her own decisions about her life.	16	0.058009613305330276	0.1129702478647232	0.2968037724494934	0.15609242022037506	0.19422273337841034	0.181901216506958	microsoft/deberta-base-mnli	en
It is important to her to have ambitions in life.	17	0.03184843808412552	0.07966683059930801	0.28173717856407166	0.15939819812774658	0.27393585443496704	0.1734135001897812	microsoft/deberta-base-mnli	en
It is important to her to maintain traditional values and ways of thinking.	18	0.05956103280186653	0.1448405385017395	0.26478150486946106	0.17196577787399292	0.20308373868465424	0.15576739609241486	microsoft/deberta-base-mnli	en
It is important to her that people she knows have full confidence in her.	19	0.0377134270966053	0.07846668362617493	0.2891475558280945	0.15809227526187897	0.25959038734436035	0.1769896298646927	microsoft/deberta-base-mnli	en
It is important to her to be wealthy.	20	0.0543530248105526	0.11434739083051682	0.2689512372016907	0.1378142237663269	0.28162649273872375	0.14290761947631836	microsoft/deberta-base-mnli	en
It is important to her to take part in activities to defend nature.	21	0.01948116533458233	0.04243217408657074	0.2795179784297943	0.1799841821193695	0.2929679751396179	0.18561656773090363	microsoft/deberta-base-mnli	en
It is important to her never to annoy anyone.	22	0.14082017540931702	0.2792794406414032	0.14929835498332977	0.12546713650226593	0.20886747539043427	0.0962674468755722	microsoft/deberta-base-mnli	en
It is important to her to develop her own opinions.	23	0.05922069028019905	0.13402661681175232	0.3110654056072235	0.14700987935066223	0.19124020636081696	0.1574372500181198	microsoft/deberta-base-mnli	en
It is important to her to protect her public image.	24	0.05742666870355606	0.12174902856349945	0.2829970717430115	0.1294264793395996	0.2658034563064575	0.1425972878932953	microsoft/deberta-base-mnli	en
It is very important to her to help the people dear to her.	25	0.0665728822350502	0.10934702306985855	0.25745442509651184	0.129343181848526	0.21648897230625153	0.2207934707403183	microsoft/deberta-base-mnli	en
It is important to her to be personally safe and secure.	26	0.021471841260790825	0.04646286368370056	0.2645578384399414	0.12939408421516418	0.31784379482269287	0.22026954591274261	microsoft/deberta-base-mnli	en
It is important to her to be a dependable and trustworthy friend.	27	0.039262935519218445	0.09464900940656662	0.27292516827583313	0.15908554196357727	0.2752741575241089	0.15880317986011505	microsoft/deberta-base-mnli	en
It is important to her to take risks that make life exciting.	28	0.022165318951010704	0.05688760057091713	0.2758513391017914	0.17412123084068298	0.260200172662735	0.21077440679073334	microsoft/deberta-base-mnli	en
It is important to her to have the power to make people do what she wants.	29	0.05088271200656891	0.08570129424333572	0.27673783898353577	0.14598937332630157	0.25368359684944153	0.1870052069425583	microsoft/deberta-base-mnli	en
It is important to her to plan her activities independently.	30	0.053635697811841965	0.11071218550205231	0.2921205759048462	0.18727165460586548	0.20844852924346924	0.14781130850315094	microsoft/deberta-base-mnli	en
It is important to her to follow rules even when no-one is watching.	31	0.0173133984208107	0.03596774488687515	0.2659941613674164	0.17809568345546722	0.32395637035369873	0.1786726713180542	microsoft/deberta-base-mnli	en
It is important to her to be very successful.	32	0.045076094567775726	0.092320516705513	0.24532698094844818	0.16302773356437683	0.2756153345108032	0.17863328754901886	microsoft/deberta-base-mnli	en
It is important to her to follow her family’s customs or the customs of a religion.	33	0.03698316961526871	0.06658963859081268	0.3509760797023773	0.14197057485580444	0.21457712352275848	0.18890342116355896	microsoft/deberta-base-mnli	en
It is important to her to listen to and understand people who are different from her.	34	0.17205262184143066	0.6088390946388245	0.07149098068475723	0.06016629561781883	0.06672264635562897	0.02072836086153984	microsoft/deberta-base-mnli	en
It is important to her to have a strong state that can defend its citizens.	35	0.0312406774610281	0.07124189287424088	0.2725534439086914	0.1341296136379242	0.2729785144329071	0.21785591542720795	microsoft/deberta-base-mnli	en
It is important to her to enjoy life’s pleasures.	36	0.024949707090854645	0.054301198571920395	0.2752564251422882	0.1805458515882492	0.2586153745651245	0.20633149147033691	microsoft/deberta-base-mnli	en
It is important to her that every person in the world have equal opportunities in life.	37	0.09928841888904572	0.18221934139728546	0.22258152067661285	0.15609505772590637	0.1772467941045761	0.1625688672065735	microsoft/deberta-base-mnli	en
It is important to her to be humble.	38	0.04157501831650734	0.09921372681856155	0.21518048644065857	0.21063651144504547	0.2855604887008667	0.14783373475074768	microsoft/deberta-base-mnli	en
It is important to her to figure things out herself.	39	0.055712804198265076	0.11199147254228592	0.2681492269039154	0.17201097309589386	0.2268742322921753	0.16526125371456146	microsoft/deberta-base-mnli	en
It is important to her to honor the traditional practices of her culture.	40	0.04695134237408638	0.10353609174489975	0.2741493880748749	0.1399880349636078	0.2277141511440277	0.20766103267669678	microsoft/deberta-base-mnli	en
It is important to her to be the one who tells others what to do.	41	0.024722563102841377	0.039229538291692734	0.3273218870162964	0.14028193056583405	0.27378907799720764	0.19465500116348267	microsoft/deberta-base-mnli	en
It is important to her to obey all the laws.	42	0.02753303386271	0.06468567997217178	0.2915920615196228	0.1327958106994629	0.2998015582561493	0.1835918426513672	microsoft/deberta-base-mnli	en
It is important to her to have all sorts of new experiences.	43	0.038531359285116196	0.08938968926668167	0.2809247672557831	0.17796793580055237	0.2150328904390335	0.19815337657928467	microsoft/deberta-base-mnli	en
It is important to her to own expensive things that show her wealth	44	0.05652623996138573	0.09729138761758804	0.3190891146659851	0.1518068164587021	0.22468554973602295	0.15060093998908997	microsoft/deberta-base-mnli	en
It is important to her to protect the natural environment from destruction or pollution.	45	0.025601739063858986	0.05792540684342384	0.2678159177303314	0.15349063277244568	0.30097731947898865	0.19418898224830627	microsoft/deberta-base-mnli	en
It is important to her to take advantage of every opportunity to have fun.	46	0.03321079537272453	0.05760301649570465	0.2759726941585541	0.19074872136116028	0.256966233253479	0.18549855053424835	microsoft/deberta-base-mnli	en
It is important to her to concern herself with every need of her dear ones.	47	0.03346159681677818	0.04659363254904747	0.2811826765537262	0.16188670694828033	0.27488893270492554	0.20198649168014526	microsoft/deberta-base-mnli	en
It is important to her that people recognize what she achieves.	48	0.03636300191283226	0.07817861437797546	0.26696711778640747	0.12227622419595718	0.2686825692653656	0.22753244638442993	microsoft/deberta-base-mnli	en
It is important to her never to be humiliated.	49	0.08371108770370483	0.23092448711395264	0.20287372171878815	0.14182592928409576	0.22232970595359802	0.11833496391773224	microsoft/deberta-base-mnli	en
It is important to her that her country protect itself against all threats.	50	0.0732891857624054	0.16042500734329224	0.25587114691734314	0.1422218233346939	0.23293858766555786	0.13525424897670746	microsoft/deberta-base-mnli	en
It is important to her never to make other people angry.	51	0.1487976610660553	0.2989283502101898	0.1563216596841812	0.11254645138978958	0.1904975324869156	0.09290842711925507	microsoft/deberta-base-mnli	en
It is important to her that everyone be treated justly, even people she doesn’t know.	52	0.09566827863454819	0.17809295654296875	0.2621138095855713	0.1362055242061615	0.2008415013551712	0.12707790732383728	microsoft/deberta-base-mnli	en
It is important to her to avoid anything dangerous.	53	0.04282377287745476	0.10539621859788895	0.25501710176467896	0.1545327603816986	0.2914773225784302	0.15075284242630005	microsoft/deberta-base-mnli	en
It is important to her to be satisfied with what she has and not ask for more.	54	0.05625775456428528	0.12512367963790894	0.2523500919342041	0.16513054072856903	0.24194897711277008	0.159188911318779	microsoft/deberta-base-mnli	en
It is important to her that all her friends and family can rely on her completely.	55	0.08090680837631226	0.18071861565113068	0.2544258236885071	0.1386743038892746	0.2279856950044632	0.11728878319263458	microsoft/deberta-base-mnli	en
It is important to her to be free to choose what she does by herself.	56	0.05958543345332146	0.11980237811803818	0.2933294475078583	0.1699838936328888	0.20187406241893768	0.15542469918727875	microsoft/deberta-base-mnli	en
It is important to her to accept people even when she disagrees with them.	57	0.06039029732346535	0.12200392782688141	0.27918389439582825	0.1550050973892212	0.16162174940109253	0.22179502248764038	microsoft/deberta-base-mnli	en
